Nom_Table;Libellé_Table;Nom_Variable;Type;Longueur;Libellé_Variable;Variables de  jointure;Année_Présence;Année_Suppression;Observations;règle de gestion;Concepts;Année_présence table;Année_suppression_table;sensible_medical
T_SSRaaB;Description du Séjour;ETA_NUM;Caractère;9;N° FINESS d'inscription e-PMSI;;2005;;;;;2005;;
T_SSRaaB;Description du Séjour;RHA_VER;Caractère;3;N° version du format du RHA;;2005;;;;;2005;;
T_SSRaaB;Description du Séjour;GEN_VER;Caractère;3;N° version de GENRHA;;2005;;;;;2005;;
T_SSRaaB;Description du Séjour;GRC_VER;Caractère;2;Version de groupage Etablissement;;2005;;;;;2005;;
T_SSRaaB;Description du Séjour;GRC_GME;Caractère;6;Groupage GME Etablissement;;2013;;;;;2005;;
T_SSRaaB;Description du Séjour;GRC_RET;Caractère;3;Code retour GME Etablissement;;2005;;;;;2005;;
T_SSRaaB;Description du Séjour;GRC_TOP_ERR;Caractère;1;Indicateur d’erreur GME Etablissement;;2013;;;;;2005;;
T_SSRaaB;Description du Séjour;GRG_VER;Caractère;2;Version de groupage GENRHA;;2005;;;;;2005;;
T_SSRaaB;Description du Séjour;GRG_GME;Caractère;6;Groupage GME GENRHA;;2013;;;;;2005;;
T_SSRaaB;Description du Séjour;GRG_RET;Caractère;3;Code retour GME GENRHA;;2005;;;;;2005;;
T_SSRaaB;Description du Séjour;GRG_TOP_ERR;Caractère;1;Indicateur d’erreur GME GENRHA;;2013;;;;;2005;;
T_SSRaaB;Description du Séjour;TYP_GEN_RHA;Caractère;1;Type de génération automatique du RHA;;2015;;;;;2005;;
T_SSRaaB;Description du Séjour;RHA_NUM;Caractère;7;N° Séquentiel du séjour;;2005;;;;;2005;;
T_SSRaaB;Description du Séjour;RHS_NUM;Caractère;3;Numéro séquentiel du RHS;;2005;;;;;2005;;
T_SSRaaB;Description du Séjour;AGE_ANN;Numérique;0;Age;;2005;;;;;2005;;
T_SSRaaB;Description du Séjour;COD_SEX;Caractère;1;Sexe;;2005;;;;;2005;;
T_SSRaaB;Description du Séjour;BDI_COD;Caractère;5;Code géographique de résidence;;2005;;;;;2005;;
T_SSRaaB;Description du Séjour;BDI_DEP;Caractère;2;Code département de résidence;;2005;;Variable créée par CNAMTS;;;2005;;
T_SSRaaB;Description du Séjour;RHS_ANT_SEJ_ENT;Numérique;0;Antériorité du RHS par rapport à l'entrée dans le séjour;;2010;;;;;2005;;
T_SSRaaB;Description du Séjour;MOI_ANN_SOR_SEJ;Caractère;6;Mois/ Année de sortie du séjour;;2010;;;;;2005;;
T_SSRaaB;Description du Séjour;HOS_TYP_UM;Caractère;1;Type d’hospitalisation UM;;2009;;;;;2005;;
T_SSRaaB;Description du Séjour;AUT_TYP_UM;Caractère;3;Type d'autorisation d’UM;;2009;;;;;2005;;
T_SSRaaB;Description du Séjour;ETA_NUM_GEO;Caractère;9;N° FINESS géographique;;2013;;;;;2005;;
T_SSRaaB;Description du Séjour;ENT_MOD;Caractère;1;Mode d’entrée UM;;2005;;;;;2005;;
T_SSRaaB;Description du Séjour;ENT_PRV;Caractère;1;Provenance;;2005;;;;;2005;;
T_SSRaaB;Description du Séjour;SOR_MOD;Caractère;1;Mode de sortie UM;;2005;;;;;2005;;
T_SSRaaB;Description du Séjour;SOR_DES;Caractère;1;Destination ;;2005;;;;;2005;;
T_SSRaaB;Description du Séjour;DEB_SEM;Caractère;1;Semaine de début de séjour SSR;;2005;;;;;2005;;
T_SSRaaB;Description du Séjour;DEB_FIN;Caractère;1;Semaine de fin de séjour SSR;;2005;;;;;2005;;
T_SSRaaB;Description du Séjour;SEJ_ANT;Numérique;0;Antériorité du RHS par rapport à l'entrée dans l'UM;;2005;;;;;2005;;
T_SSRaaB;Description du Séjour;MOI_ANN;Caractère;6;Mois Année du RHS;;2005;;;;;2005;;
T_SSRaaB;Description du Séjour;JP_HWE;Caractère;5;Jours de présence hors week-end;;2005;;;;;2005;;
T_SSRaaB;Description du Séjour;JP_WE;Caractère;2;Jours de présence en week-end;;2005;;;;;2005;;
T_SSRaaB;Description du Séjour;ANC_CHI;Numérique;0;Ancienneté de la date chirurgicale;;2005;;;;;2005;;
T_SSRaaB;Description du Séjour;FP_PEC;Caractère;6;Finalité principale de prise en charge;;2005;;;;;2005;;
T_SSRaaB;Description du Séjour;MOR_PRP;Caractère;6;Manifestation morbide principale;;2005;;;;;2005;;
T_SSRaaB;Description du Séjour;ETL_AFF;Caractère;6;Affection étiologique;;2005;;;;;2005;;
T_SSRaaB;Description du Séjour;HAB_DEP;Caractère;1;Dépendance à l’habillage;;2005;;;;;2005;;
T_SSRaaB;Description du Séjour;DPL_DEP;Caractère;1;Dépendance au déplacement;;2005;;;;;2005;;
T_SSRaaB;Description du Séjour;ALI_DEP;Caractère;1;Dépendance à l’alimentation;;2005;;;;;2005;;
T_SSRaaB;Description du Séjour;CON_DEP;Caractère;1;Dépendance à la continence;;2005;;;;;2005;;
T_SSRaaB;Description du Séjour;CPT_DEP;Caractère;1;Dépendance au comportement;;2005;;;;;2005;;
T_SSRaaB;Description du Séjour;REL_DEP;Caractère;1;Dépendance à la relation;;2005;;;;;2005;;
T_SSRaaB;Description du Séjour;NBR_DGN;Numérique;0;Nombre de diagnostics associés dans ce RHS (n1);;2009;;;;;2005;;
T_SSRaaB;Description du Séjour;NBR_CSARR;Numérique;0;Nombre d'actes CSARR dans ce RHS (n2);;2014;;;;;2005;;
T_SSRaaB;Description du Séjour;NBR_CCAM;Numérique;0;Nombre d'actes CCAM dans ce RHS (n3);;2009;;;;;2005;;
T_SSRaaB;Description du Séjour;REHOS_PRJ_THP;Caractère;1;Poursuite du même projet thérapeutique;;2015;;;;;2005;;
T_SSRaaC;NIR patient et Dates de soin;ETA_NUM;Caractère;9;N° FINESS ;;2005;;;;;2005;;
T_SSRaaC;NIR patient et Dates de soin;MOI_LUN_1S;Caractère;2;Mois du lundi de la première semaine du séjour dans l'année (SSR) ;;2009;;;;;2005;;
T_SSRaaC;NIR patient et Dates de soin;ANN_LUN_1S;Caractère;4;Année du lundi de la première semaine du séjour dans l'année (SSR);;2009;;;;;2005;;
T_SSRaaC;NIR patient et Dates de soin;NIR_RET;Caractère;1;"Code retour contrôle "" n° sécurité sociale "" ";;2005;;;;;2005;;
T_SSRaaC;NIR patient et Dates de soin;NAI_RET;Caractère;1;"Code retour contrôle "" date de naissance "" ";;2005;;;;;2005;;
T_SSRaaC;NIR patient et Dates de soin;SEX_RET;Caractère;1;"Code retour contrôle "" sexe "" ";;2005;;;;;2005;;
T_SSRaaC;NIR patient et Dates de soin;SEJ_RET;Caractère;1;"Code retour contrôle "" n° d’identification administratif de séjour "" ";;2005;;;;;2005;;
T_SSRaaC;NIR patient et Dates de soin;FHO_RET;Caractère;1;"Code retour ""fusion ANO_HOSP et HOSP-PMSI""";;2005;;;;;2005;;
T_SSRaaC;NIR patient et Dates de soin;PMS_RET;Caractère;1;"Code retour ""fusion ANO-PMSI et fichier PMSI """;;2005;;;;;2005;;
T_SSRaaC;NIR patient et Dates de soin;DAT_RET;Caractère;1;Code retour contrôle « date de référence» (date d’entrée);;2006;;;;;2005;;
T_SSRaaC;NIR patient et Dates de soin;COH_NAI_RET;Caractère;1;Code retour contrôle « Cohérence date naissance »;;2013;;;;;2005;;
T_SSRaaC;NIR patient et Dates de soin;COH_SEX_RET;Caractère;1;Code retour contrôle « Cohérence sexe »;;2013;;;;;2005;;
T_SSRaaC;NIR patient et Dates de soin;NIR_ANO_17;Caractère;17;N° anonyme ;;2005;;;;;2005;;
T_SSRaaC;NIR patient et Dates de soin;SEJ_NUM;Caractère;5;N° de séjour ;;2005;;;;;2005;;
T_SSRaaC;NIR patient et Dates de soin;RHA_NUM;Caractère;7;N° Séquentiel du séjour;;2005;;;;;2005;;
T_SSRaaC;NIR patient et Dates de soin;ENT_DAT;Caractère;8;Date d'entrée;;2009;;;;;2005;;
T_SSRaaC;NIR patient et Dates de soin;SOR_DAT;Caractère;8;Date de sortie;;2009;;;;;2005;;
T_SSRaaC;NIR patient et Dates de soin;EXE_SOI_AMD;Caractère;6;Date d'entrée au format année + mois;;2009;;Variable créée par CNAMTS;;;2005;;
T_SSRaaC;NIR patient et Dates de soin;EXE_SOI_AMF;Caractère;6;Date de sortie au format année + mois;;2009;;Variable créée par CNAMTS;;;2005;;
T_SSRaaC;NIR patient et Dates de soin;EXE_SOI_DTD;Date;;date d'entrée;;2009;;;;;2005;;
T_SSRaaC;NIR patient et Dates de soin;EXE_SOI_DTF;Date;;date de sortie;;2009;;;;;2005;;
T_SSRaaC;NIR patient et Dates de soin;NUM_DAT_AT_RET;Caractère;1;"Code retour contrôle "" Numéro accident du travail ou date d’accident de droit commun""";;2015;;;;;2005;;
T_SSRaaC;NIR patient et Dates de soin;ORG_CPL_NUM_RET;Caractère;1;"Code retour contrôle "" N° d’organisme complémentaire""";;2015;;;;;2005;;
T_SSRaaC;NIR patient et Dates de soin;NUM_DAT_AT;Caractère;9;Numéro accident du travail ou date d’accident de droit commun;;2015;;;;;2005;;
T_SSRaaC;NIR patient et Dates de soin;ORG_CPL_NUM;Caractère;10;N° d’organisme complémentaire;;2015;;;;;2005;;
T_SSRaaCCAM;Acte CCAM;ETA_NUM;Caractère;9;N° FINESS de l'établissement;;2009;;;;;2009;;
T_SSRaaCCAM;Acte CCAM;RHA_VER;Caractère;3;N° version du format du RHA;;2009;;;;;2009;;
T_SSRaaCCAM;Acte CCAM;RHA_NUM;Caractère;7;N° Séquentiel du séjour;;2009;;;;;2009;;
T_SSRaaCCAM;Acte CCAM;RHS_NUM;Caractère;3;Numéro séquentiel du RHS;;2009;;;;;2009;;
T_SSRaaCCAM;Acte CCAM;CCAM_DEL_ENT_UM;Numérique;0;Délai depuis l'entrée dans l'UM;;2010;;;;;2009;;
T_SSRaaCCAM;Acte CCAM;CCAM_ACT;Caractère;7;Code de l'acte CCAM;;2009;;chgt format en 2015 sur 9 caract. mais rechargement de format en 2016 sur 7 caractères avec la création de la variable EXT_PMSI;;;2009;;
T_SSRaaCCAM;Acte CCAM;EXT_PMSI;Caractère;2;Extension PMSI;;2016;;déplacement des 2 derniers caractères des CCAM_COD dans la variable EXT_PMSI;;;2009;;
T_SSRaaCCAM;Acte CCAM;CCAM_PHA_ACT;Caractère;1;Code de la phase;;2009;;;;;2009;;
T_SSRaaCCAM;Acte CCAM;CCAM_COD_ACT;Caractère;1;Code de l'activité;;2009;;;;;2009;;
T_SSRaaCCAM;Acte CCAM;CCAM_EXT_DOC;Caractère;1;Extension documentaire;;2010;;;;;2009;;
T_SSRaaCCAM;Acte CCAM;CCAM_NBR_REA;Numérique;0;Nombre de réalisation;;2009;;;;;2009;;
T_SSRaaCCAM;Acte CCAM;CCAM_VAL_DAT;Caractère;1;Date de validité de l'acte compatible avec  la semaine;;2010;;;;;2009;;
T_SSRaaCMC;Catégories Majeures de diagnostics;ETA_NUM;Caractère;9;N° FINESS de l'établisement;;2005;;;;;2005;;
T_SSRaaCMC;Catégories Majeures de diagnostics;RHA_VER;Caractère;3;N° version du format du RHA;;2005;;;;;2005;;
T_SSRaaCMC;Catégories Majeures de diagnostics;RHA_NUM;Caractère;7;N° Séquentiel du séjour;;2005;;;;;2005;;
T_SSRaaCMC;Catégories Majeures de diagnostics;NBR_JOU;Numérique;0;Nombre de jours;;2005;;;;;2005;;
T_SSRaaCMC;Catégories Majeures de diagnostics;CMC_COD;Caractère;2;Code CMC;;2005;;;;;2005;;
T_SSRaaCSARR;actes du Catalogue spécifique des actes de rééducation et réadaptation;ETA_NUM;Caractère;9;N° FINESS de l'établisement;;2014;;;;;2014;;
T_SSRaaCSARR;actes du Catalogue spécifique des actes de rééducation et réadaptation;RHA_VER;Caractère;3;N° version du format du RHA;;2014;;;;;2014;;
T_SSRaaCSARR;actes du Catalogue spécifique des actes de rééducation et réadaptation;RHA_NUM;Caractère;7;N° Séquentiel du séjour;;2014;;;;;2014;;
T_SSRaaCSARR;actes du Catalogue spécifique des actes de rééducation et réadaptation;RHS_NUM;Caractère;3;Numéro séquentiel du RHS;;2014;;;;;2014;;
T_SSRaaCSARR;actes du Catalogue spécifique des actes de rééducation et réadaptation;CSARR_COD;Caractère;7;Code principal;;2014;;;;;2014;;
T_SSRaaCSARR;actes du Catalogue spécifique des actes de rééducation et réadaptation;APP_SUP;Caractère;3;"Code supplémentaire ""appareillage""";;2014;;;;;2014;;
T_SSRaaCSARR;actes du Catalogue spécifique des actes de rééducation et réadaptation;MOD_LIEU;Caractère;2;Code modulateur de lieu;;2014;;;;;2014;;
T_SSRaaCSARR;actes du Catalogue spécifique des actes de rééducation et réadaptation;MOD_PAT_1;Caractère;2;"Code ""modulateur de patient"" n°1";;2014;;;;;2014;;
T_SSRaaCSARR;actes du Catalogue spécifique des actes de rééducation et réadaptation;MOD_PAT_2;Caractère;2;"Code ""modulateur de patient"" n°2";;2014;;;;;2014;;
T_SSRaaCSARR;actes du Catalogue spécifique des actes de rééducation et réadaptation;TYP_INTERV;Caractère;2;Code de l'intervenant;;2014;;;;;2014;;
T_SSRaaCSARR;actes du Catalogue spécifique des actes de rééducation et réadaptation;CLAS_NBR_PAT_PS;Numérique;0;Nombre de patients en acte individuel non dédié ou collectif (classe);;2014;;;;;2014;;
T_SSRaaCSARR;actes du Catalogue spécifique des actes de rééducation et réadaptation;NBR_CSARR;Numérique;0;Nombre de réalisations;;2014;;;;;2014;;
T_SSRaaCSARR;actes du Catalogue spécifique des actes de rééducation et réadaptation;COMP_SEM;Caractère;1;Acte compatible avec  la semaine;;2014;;;;;2014;;
T_SSRaaCSARR;actes du Catalogue spécifique des actes de rééducation et réadaptation;ENT_DAT_DEL_UM;Numérique;0;Délai depuis l'entrée dans l'UM;;2014;;;;;2014;;
T_SSRaaCSARR;actes du Catalogue spécifique des actes de rééducation et réadaptation;NBR_PAT_INTERV;Numérique;0;Nombre réel de patients;;2014;;;;;2014;;
T_SSRaaCSARR;actes du Catalogue spécifique des actes de rééducation et réadaptation;NBR_INTERV;Numérique;0;Nombre d'intervenants;;2014;;;;;2014;;
T_SSRaaCSARR;actes du Catalogue spécifique des actes de rééducation et réadaptation;EXT_DOC;Caractère;2;Extension documentaire;;2014;;;;;2014;;
T_SSRaaD;diagnostic associé;ETA_NUM;Caractère;9;N° FINESS de l'établisement;;2009;;;;;2009;;
T_SSRaaD;diagnostic associé;RHA_VER;Caractère;3;N° version du format du RHA;;2009;;;;;2009;;
T_SSRaaD;diagnostic associé;RHA_NUM;Caractère;7;N° Séquentiel du séjour;;2009;;;;;2009;;
T_SSRaaD;diagnostic associé;RHS_NUM;Caractère;3;Numéro séquentiel du RHS;;2009;;;;;2009;;
T_SSRaaD;diagnostic associé;DGN_COD;Caractère;6;DAS ;;2009;;;;;2009;;
T_SSRaaE;Etablissement;ETA_NUM;Caractère;9;N°FINESS;;2005;;;;;2005;;
T_SSRaaE;Etablissement;SOC_RAI;Caractère;60;Raison sociale;;2005;;;;;2005;;
T_SSRaaE;Etablissement;REG_ETA;Caractère;30;Région;;2005;;;;;2005;;
T_SSRaaE;Etablissement;ANN_TRT;Caractère;7;N° du trimestre PMSI transmis;;2005;;;;;2005;;
T_SSRaaE;Etablissement;STA_ETA;Caractère;3;Statut de l'établissement;;2005;;;;;2005;;
T_SSRaaE;Etablissement;VAL_ETA;Caractère;20;Validation des données;;2005;;;;;2005;;
T_SSRaaE;Etablissement;ETB_EXE_FIN;Caractère;8;N°FINESS sans clé;;2005;;Variable créée par CNAMTS;;;2005;;
T_SSRaaS;synthese;ETA_NUM;Caractère;9;FINESS;;2005;;;;;2005;;
T_SSRaaS;synthese;RHA_VER;Caractère;3;Version du Format du SRHA;;2005;;;;;2005;;
T_SSRaaS;synthese;GEN_VER;Caractère;3;Version de GENRHA;;2005;;;;;2005;;
T_SSRaaS;synthese;RHA_NUM;Caractère;7;N° Séquentiel du séjour;;2005;;;;;2005;;
T_SSRaaS;synthese;SUI_TYP;Caractère;1;Type de suite ;;2005;;;;;2005;;
T_SSRaaS;synthese;SEJ_NBJ;Numérique;0;Durée du séjour;;2005;;;;;2005;;
T_SSRaaS;synthese;PRE_JOU_NBR;Numérique;0;Nombre de journées de présence;;2009;;;;;2005;;
T_SSRaaS;synthese;ENT_MOD;Caractère;1;Mode d’entrée;;2005;;;;;2005;;
T_SSRaaS;synthese;ENT_PRV;Caractère;1;Provenance;;2005;;;;;2005;;
T_SSRaaS;synthese;SOR_MOD;Caractère;1;Mode de sortie;;2005;;;;;2005;;
T_SSRaaS;synthese;SOR_DES;Caractère;1;Destination;;2005;;;;;2005;;
T_SSRaaS;synthese;ACT_TYP;Caractère;1;Type d’hospitalisation;;2005;;;;;2005;;
T_SSRaaS;synthese;NBR_MUT;Numérique;0;Nombre de mutations;;2009;;;;;2005;;
T_SSRaaS;synthese;NBR_RHA;Numérique;0;Nombre de RHA;;2005;;;;;2005;;
T_SSRaaS;synthese;NBR_CM;Numérique;0;Nombre de CM (nc);;2013;;;;;2005;;
T_SSRaaS;synthese;NBR_GME;Numérique;0;Nombre de GME (ng);;2013;;;;;2005;;
T_SSRaaLEG;Erreurs détectées par la fonction groupage;ETA_NUM;Caractère;9;Numéro FINESS;;2014;;;;;2014;;
T_SSRaaLEG;Erreurs détectées par la fonction groupage;MOI;Caractère;2;N° période (mois);;2014;;;;;2014;;
T_SSRaaLEG;Erreurs détectées par la fonction groupage;ANN;Caractère;4;Année période;;2014;;;;;2014;;
T_SSRaaLEG;Erreurs détectées par la fonction groupage;RHA_NUM;Caractère;7;N° Séquentiel du séjour;;2014;;;;;2014;;
T_SSRaaLEG;Erreurs détectées par la fonction groupage;RHS_NUM;Caractère;3;Numéro séquentiel du RHS;;2014;;;;;2014;;
T_SSRaaLEG;Erreurs détectées par la fonction groupage;COD_ERR;Caractère;4;Code erreur;;2014;;;;;2014;;
T_SSRaaSTC;facturation patient DGF;ETA_NUM;Caractère;9;N° FINESS de l'établisement;;2011;;;;;2011;;
T_SSRaaSTC;facturation patient DGF;RHA_NUM;Caractère;7;N° Séquentiel du séjour;;2011;;;;;2011;;
T_SSRaaSTC;facturation patient DGF;NOE_RGM_CTL;Caractère;1;Code retour contrôle « code grand régime »;;2011;;;;;2011;;
T_SSRaaSTC;facturation patient DGF;EXO_TM_CTL;Caractère;1;Code retour contrôle « code justification d’exonération du ticket modérateur » ;;2011;;;;;2011;;
T_SSRaaSTC;facturation patient DGF;COD_PEC_CTL;Caractère;1;Code retour contrôle « code de prise en charge du forfait journalier »;;2011;;;;;2011;;
T_SSRaaSTC;facturation patient DGF;NAT_ASS_CTL;Caractère;1;Code retour contrôle « nature d’assurance »;;2011;;;;;2011;;
T_SSRaaSTC;facturation patient DGF;CTR_TYP_CTL;Caractère;1;Code retour contrôle « type de contrat souscrit auprès d'un organisme complémentaire »;;2011;;;;;2011;;
T_SSRaaSTC;facturation patient DGF;SEJ_FAC_CTL;Caractère;1;Code retour contrôle « séjour facturable à l’assurance maladie »;;2011;;;;;2011;;
T_SSRaaSTC;facturation patient DGF;NON_FAC_AM_CTL;Caractère;1;Code retour contrôle « motif de la non facturation à l'assurance maladie »;;2011;;;;;2011;;
T_SSRaaSTC;facturation patient DGF;FAC_18E_CTL;Caractère;1;Code retour contrôle « facturation du 18 euro »;;2011;;;;;2011;;
T_SSRaaSTC;facturation patient DGF;NBR_VEN_CTL;Caractère;1;Code retour contrôle « nombre de venues de la facture »;;2011;;;;;2011;;
T_SSRaaSTC;facturation patient DGF;FAC_MNT_TM_CTL;Caractère;1;Code retour contrôle « montant à facturer au titre du ticket modérateur»;;2011;;;;;2011;;
T_SSRaaSTC;facturation patient DGF;FAC_MNT_FJ_CTL;Caractère;1;Code retour contrôle « montant à facturer au titre du forfait journalier »;;2011;;;;;2011;;
T_SSRaaSTC;facturation patient DGF;TOT_MNT_AM_CTL;Caractère;1;Code retour contrôle « montant total du séjour remboursé par l’assurance maladie (i.e. hors prestations annexes »);;2011;;;;;2011;;
T_SSRaaSTC;facturation patient DGF;MAJ_MNT_CTL;Caractère;1;Code retour contrôle « montant lié à la majoration au parcours de soin »;;2011;;;;;2011;;
T_SSRaaSTC;facturation patient DGF;REM_BAS_CTL;Caractère;1;Code retour contrôle « montant base remboursement »;;2011;;;;;2011;;
T_SSRaaSTC;facturation patient DGF;REM_TAU_CTL;Caractère;1;Code retour contrôle « taux de remboursement »;;2011;;;;;2011;;
T_SSRaaSTC;facturation patient DGF;BEN_CMU_CTL;Caractère;1;Code retour contrôle « Patient bénéficiaire de la CMU »;;2011;;;;;2011;;
T_SSRaaSTC;facturation patient DGF;DAT_HOS_CTL;Caractère;1;Code retour contrôle « Identifiant anonyme d'hospitalisation »;;2013;;;;;2011;;
T_SSRaaSTC;facturation patient DGF;TOT_MNT_AMC_CTL;Caractère;1;Code retour contrôle « Montant total du séjour remboursable pour l'AMC »;;2012;;;;;2011;;
T_SSRaaSTC;facturation patient DGF;NOE_RGM;Caractère;2;Code grand régime;;2011;;;;;2011;;
T_SSRaaSTC;facturation patient DGF;EXO_TM;Caractère;1;Code justification d’exonération du ticket modérateur;;2011;;;;;2011;;
T_SSRaaSTC;facturation patient DGF;FJ_COD_PEC;Caractère;1;Code de prise en charge du forfait journalier ;;2011;;;;;2011;;
T_SSRaaSTC;facturation patient DGF;NAT_ASS;Caractère;2;Nature d'assurance;;2011;;;;;2011;;
T_SSRaaSTC;facturation patient DGF;CTR_TYP;Caractère;2;Type de contrat souscrit auprès d'un organisme complémentaire;;2011;;;;;2011;;
T_SSRaaSTC;facturation patient DGF;SEJ_FAC_AM;Caractère;1;Séjour facturable à l’assurance maladie;;2011;;;;;2011;;
T_SSRaaSTC;facturation patient DGF;NON_FAC_AM;Caractère;1;Motif de la non facturation à l'assurance maladie;;2011;;;;;2011;;
T_SSRaaSTC;facturation patient DGF;FAC_18E;Caractère;1;Facturation du 18 euro;;2011;;;;;2011;;
T_SSRaaSTC;facturation patient DGF;FAC_NBR_VEN;Numérique;0;Nombre de venues de la facture;;2011;;;;;2011;;
T_SSRaaSTC;facturation patient DGF;FAC_MNT_TM;Numérique;0;Montant à facturer au titre du ticket modérateur;;2011;;;;;2011;;
T_SSRaaSTC;facturation patient DGF;FAC_MNT_FJ;Numérique;0;Montant à facturer au titre du forfait journalier ;;2011;;;;;2011;;
T_SSRaaSTC;facturation patient DGF;TOT_MNT_AM;Numérique;0;Montant total du séjour remboursé par l’assurance maladie (i.e. hors prestations annexes);;2011;;;;;2011;;
T_SSRaaSTC;facturation patient DGF;MAJ_MNT_PS;Numérique;0;Montant lié à la majoration au parcours de soins;;2011;;;;;2011;;
T_SSRaaSTC;facturation patient DGF;REM_BAS_MNT;Numérique;0;Montant base remboursement;;2011;;;;;2011;;
T_SSRaaSTC;facturation patient DGF;REM_TAU;Numérique;0;Taux de remboursement;;2011;;;;;2011;;
T_SSRaaSTC;facturation patient DGF;BEN_CMU;Caractère;1;Patient bénéficiaire de la CMU;;2011;;;;;2011;;
T_SSRaaSTC;facturation patient DGF;DAT_HOS;Caractère;8;Identifiant anonyme d'hospitalisation;;2013;;;;;2011;;
T_SSRaaSTC;facturation patient DGF;TOT_MNT_AMC;Numérique;0;Montant total du séjour remboursable pour l'AMC;;2012;;Attention les montants sont des montants remboursés;;;2011;;
T_SSRaaSTC;facturation patient DGF;PA_COD_CTL;Caractère;1;Code retour contrôle « Code participation assuré »;;2014;;;;;2011;;
T_SSRaaSTC;facturation patient DGF;ENT_NUM_CTL;Caractère;1;Code retour contrôle « N° d’entrée »;;2014;;;;;2011;;
T_SSRaaSTC;facturation patient DGF;CAI_GES_CTL;Caractère;1;Code retour contrôle « N° caisse gestionnaire »;;2014;;;;;2011;;
T_SSRaaSTC;facturation patient DGF;CENT_GES_CTL;Caractère;1;Code retour contrôle « N° centre gestionnaire »;;2014;;;;;2011;;
T_SSRaaSTC;facturation patient DGF;GES_COD_CTL;Caractère;1;Code retour contrôle « Code gestion  »;;2014;;;;;2011;;
T_SSRaaSTC;facturation patient DGF;GES_COD;Caractère;2;Code gestion;;2014;;;;;2011;;
T_SSRaaSTC;facturation patient DGF;PA_COD;Caractère;1;Code participation assuré ;;2014;;;;;2011;;
T_SSRaaSTC;facturation patient DGF;ENT_NUM;Caractère;9;N° d’entrée;;2014;;;;;2011;;
T_SSRaaSTC;facturation patient DGF;CAI_GES;Caractère;3;N° caisse gestionnaire;;2014;;;;;2011;;
T_SSRaaSTC;facturation patient DGF;CENT_GES;Caractère;4;N° centre gestionnaire ;;2014;;;;;2011;;
T_SSRaaSTC;facturation patient DGF;RNG_NAI_CTL;Caractère;1;Code retour contrôle « Rang de naissance »;;2014;;;;;2011;;
T_SSRaaSTC;facturation patient DGF;RNG_BEN_CTL;Caractère;1;Code retour contrôle « Rang du bénéficiaire »;;2014;;;;;2011;;
T_SSRaaSTC;facturation patient DGF;RNG_NAI;Caractère;1;Rang de naissance ;;2014;;;;;2011;;
T_SSRaaSTC;facturation patient DGF;RNG_BEN;Caractère;3;Rang du bénéficiaire ;;2014;;;;;2011;;
T_SSRaaSTC;facturation patient DGF;PEC_SOI_URG_CTL;Caractère;1;"Code retour contrôle ""Confirmation de la prise en charge dans le cadre du dispositif des soins urgents"" ";;2015;;;;;2011;;
T_SSRaaSTC;facturation patient DGF;PEC_SOI_URG;Caractère;1;Confirmation de la prise en charge dans le cadre du dispositif des soins urgents ;;2015;;;;;2011;;
T_SSRaaGME;GME;ETA_NUM;Caractère;9;N° FINESS de l'établisement;;2012;;;;;2012;;
T_SSRaaGME;GME;RHA_VER;Caractère;3;N° version du format du RHA;;2013;;;;;2012;;
T_SSRaaGME;GME;RHA_NUM;Caractère;7;N° Séquentiel du séjour;;2012;;;;;2012;;
T_SSRaaGME;GME;NBR_JOU;Numérique;0;Nombre de jours;;2013;;;;;2012;;
T_SSRaaGME;GME;GME_COD;Caractère;6;Code GME;;2013;;;;;2012;;
T_SSRaaMED;Med en sus;ETA_NUM;Caractère;9;N° FINESS;;2010;;Renommée (ancien nom : SOR_MOI);;;2010;;
T_SSRaaMED;Med en sus;PRS_TYP;Caractère;2;Type de prestation;;2010;;;;;2010;;
T_SSRaaMED;Med en sus;ANN;Caractère;4;Année période;;2010;;;;;2010;;
T_SSRaaMED;Med en sus;MOIS;Caractère;2;N° période (mois);;2010;;;;;2010;;
T_SSRaaMED;Med en sus;RHA_NUM;Caractère;7;N° Séquentiel du séjour;;2010;;;;;2010;;
T_SSRaaMED;Med en sus;RHS_NUM;Caractère;3;Numéro séquentiel du RHS;;2010;;;;;2010;;
T_SSRaaMED;Med en sus;UCD_UCD_COD;Caractère;13;Code UCD;;2010;;Transmise par ATIH sur 13 caractères à partir de 2015 (créée par CNAM avt);;;2010;;
T_SSRaaMED;Med en sus;ADM_NBR;Numérique;0;Nombre administré éventuellement fractionnaire;;2010;;;;;2010;;
T_SSRaaMED;Med en sus;ACH_PRI_ADM;Numérique;0;Prix d'achat multiplié par le nombre administré;;2010;;;;;2010;;
T_SSRaaMED;Med en sus;ADM_MOIS;Caractère;2;Mois de la date d'administration;;2010;;;;;2010;;
T_SSRaaMED;Med en sus;ADM_ANN;Caractère;4;Année de la date d'administration;;2010;;;;;2010;;
T_SSRaaMED;Med en sus;DAT_DELAI;Numérique;0;Délai entre la date d’entrée du séjour et la date de dispensation;;2010;;;;;2010;;
T_SSRaaMED;Med en sus;TOP_UCD_AUTO;Caractère;1;Top transcodage UCD13 auto;;2015;;;;;2010;;
T_SSRaaMEDATU;Med à autorisation temporaire d'utilisation;ETA_NUM;Caractère;9;N° FINESS;;2012;;Renommée (ancien nom : ETA_NUM_EPMSI);;;2012;;
T_SSRaaMEDATU;Med à autorisation temporaire d'utilisation;PRS_TYP;Caractère;2;Type de prestation;;2012;;;;;2012;;
T_SSRaaMEDATU;Med à autorisation temporaire d'utilisation;ANN;Caractère;4;Année période;;2012;;;;;2012;;
T_SSRaaMEDATU;Med à autorisation temporaire d'utilisation;MOI;Caractère;2;N° période (mois);;2012;;;;;2012;;
T_SSRaaMEDATU;Med à autorisation temporaire d'utilisation;RHA_NUM;Caractère;7;N° Séquentiel du séjour;;2012;;;;;2012;;
T_SSRaaMEDATU;Med à autorisation temporaire d'utilisation;RHS_NUM;Caractère;3;Numéro séquentiel du RHS;;2012;;;;;2012;;
T_SSRaaMEDATU;Med à autorisation temporaire d'utilisation;UCD_UCD_COD;Caractère;13;Code UCD;;2012;;Transmise par ATIH sur 13 caractères à partir de 2015 (créée par CNAM avt);;;2012;;
T_SSRaaMEDATU;Med à autorisation temporaire d'utilisation;ADM_NBR;Numérique;0;Nombre administré éventuellement fractionnaire;;2012;;;;;2012;;
T_SSRaaMEDATU;Med à autorisation temporaire d'utilisation;ACH_PRI_ADM;Numérique;0;Prix d'achat multiplié par le nombre administré;;2012;;;;;2012;;
T_SSRaaMEDATU;Med à autorisation temporaire d'utilisation;ADM_MOIS;Caractère;2;Mois de la date d'administration;;2012;;;;;2012;;
T_SSRaaMEDATU;Med à autorisation temporaire d'utilisation;ADM_ANN;Caractère;4;Année de la date d'administration;;2012;;;;;2012;;
T_SSRaaMEDATU;Med à autorisation temporaire d'utilisation;DAT_DELAI;Numérique;0;Délai entre la date d’entrée du séjour et la date de dispensation;;2012;;;;;2012;;
T_SSRaaMEDATU;Med à autorisation temporaire d'utilisation;TOP_UCD_AUTO;Caractère;1;Top transcodage UCD13 auto;;2015;;;;;2012;;
T_SSRaaCSTC;ACE NIR/date;ETA_NUM;Caractère;9;N° FINESS;;2013;;;;;2013;;
T_SSRaaCSTC;ACE NIR/date;NIR_RET;Caractère;1;Code retour contrôle « n° sécurité sociale »;;2013;;;;;2013;;
T_SSRaaCSTC;ACE NIR/date;NAI_RET;Caractère;1;Code retour contrôle « date de naissance »;;2013;;;;;2013;;
T_SSRaaCSTC;ACE NIR/date;SEX_RET;Caractère;1;Code retour contrôle « sexe »;;2013;;;;;2013;;
T_SSRaaCSTC;ACE NIR/date;IAS_RET;Caractère;1;Code retour contrôle « n° d’identification administratif de séjour;;2013;;;;;2013;;
T_SSRaaCSTC;ACE NIR/date;ENT_DAT_RET;Caractère;1;Code retour contrôle « date de référence» (date d’entrée);;2013;;;;;2013;;
T_SSRaaCSTC;ACE NIR/date;NIR_ANO_17;Caractère;17;N° Anonyme du patient;;2013;;;;;2013;;
T_SSRaaCSTC;ACE NIR/date;SEJ_NUM;Caractère;5;N° de séjour;;2013;;;;;2013;;
T_SSRaaCSTC;ACE NIR/date;SEQ_NUM;Caractère;8;N° séquentiel;;2013;;;;;2013;;
T_SSRaaCSTC;ACE NIR/date;ENT_DAT;Caractère;8;Date d'entrée;;2013;;;;;2013;;
T_SSRaaCSTC;ACE NIR/date;SOR_DAT;Caractère;8;Date de sortie ;;2013;;;;;2013;;
T_SSRaaCSTC;ACE NIR/date;EXE_SOI_AMD;Caractère;6;Date d'entrée au format année + mois;;2013;;Variable créée par CNAMTS;;;2013;;
T_SSRaaCSTC;ACE NIR/date;EXE_SOI_AMF;Caractère;6;Date de sortie au format année + mois;;2013;;Variable créée par CNAMTS;;;2013;;
T_SSRaaCSTC;ACE NIR/date;EXE_SOI_DTD;Date;;Date d'entrée;;2013;;;;;2013;;
T_SSRaaCSTC;ACE NIR/date;EXE_SOI_DTF;Date;;Date de sortie ;;2013;;;;;2013;;
T_SSRaaCSTC;ACE NIR/date;RNG_BEN;Caractère;3;Rang de bénéficiaire;;2016;;;;;2013;;
T_SSRaaCSTC;ACE NIR/date;RNG_NAI;Caractère;1;Rang de naissance;;2016;;;;;2013;;
T_SSRaaFASTC;ACE Entete facture;SEQ_NUM;Caractère;8;N° séquentiel;;2012;;;;;2012;;
T_SSRaaFASTC;ACE Entete facture;TYP_ART;Caractère;1;Type d'enregistrement;;2012;;;;;2012;;
T_SSRaaFASTC;ACE Entete facture;RSF_TYP;Caractère;1;Type de format RSF (1 : ancien, 2 : nouveau);;2012;;;;;2012;;
T_SSRaaFASTC;ACE Entete facture;NUM_FAC;Caractère;3;N° Facture séquentiel;;2012;;;;;2012;;
T_SSRaaFASTC;ACE Entete facture;SOR_ANN;Caractère;4;Année de sortie;;2012;;;;;2012;;
T_SSRaaFASTC;ACE Entete facture;SOR_MOI;Caractère;2;Mois de sortie;;2012;;;;;2012;;
T_SSRaaFASTC;ACE Entete facture;ETA_NUM;Caractère;9;Numéro FINESS;;2012;;;;;2012;;
T_SSRaaFASTC;ACE Entete facture;AGE_ANN;Numérique;0;Age;;2014;;;;;2012;;
T_SSRaaFASTC;ACE Entete facture;COD_SEX;Caractère;1;Sexe ;;2012;;;;;2012;;
T_SSRaaFASTC;ACE Entete facture;BDI_COD;Caractère;5;Code géographique;;2012;;;;;2012;;
T_SSRaaFASTC;ACE Entete facture;BDI_DEP;Caractère;2;Code département de résidence;;2012;;Variable créée par CNAMTS;;;2012;;
T_SSRaaFASTC;ACE Entete facture;COD_CIV;Caractère;1;Code civilité ;;2012;;;;;2012;;
T_SSRaaFASTC;ACE Entete facture;RNG_BEN;Caractère;3;Rang de bénéficiaire;;2016;;;;;2012;;
T_SSRaaFASTC;ACE Entete facture;PS_IND;Caractère;1;Indicateur du parcours de soins;;2012;;;;;2012;;
T_SSRaaFASTC;ACE Entete facture;OPE_NAT;Caractère;1;Nature opération ;;2012;;;;;2012;;
T_SSRaaFASTC;ACE Entete facture;NAT_ASS;Caractère;1;Nature assurance ;;2012;;;;;2012;;
T_SSRaaFASTC;ACE Entete facture;EXO_TM;Caractère;1;Justification d'exonération du TM ;;2012;;;;;2012;;
T_SSRaaFASTC;ACE Entete facture;SEJ_FAC_AM;Caractère;1;Séjour facturable à l’assurance maladie;;2012;;;;;2012;;
T_SSRaaFASTC;ACE Entete facture;NON_SEJ_FAC_AM;Caractère;1;Motif de la non facturation à l'assurance maladie;;2012;;;;;2012;;
T_SSRaaFASTC;ACE Entete facture;NOE_RGM;Caractère;1;Code Gd régime ;;2012;;;;;2012;;
T_SSRaaFASTC;ACE Entete facture;RNG_NAI;Caractère;1;Rang de naissance;;2016;;;;;2012;;
T_SSRaaFASTC;ACE Entete facture;PH_BRM;Numérique;0;Total Base Remboursement Prestation hospitalière ;;2012;;;;;2012;;
T_SSRaaFASTC;ACE Entete facture;PH_AMO_MNR;Numérique;0;Total remboursable AMO Prestation hospitalières ;;2012;;Attention les montants sont des montants remboursés;;;2012;;
T_SSRaaFASTC;ACE Entete facture;HON_MNT;Numérique;0;Total honoraire Facturé ;;2012;;;;;2012;;
T_SSRaaFASTC;ACE Entete facture;HON_AM_MNR;Numérique;0;Total honoraire remboursable AM ;;2012;;Attention les montants sont des montants remboursés;;;2012;;
T_SSRaaFASTC;ACE Entete facture;PAS_OC_MNT;Numérique;0;Total participation assuré avant OC ;;2012;;;;;2012;;
T_SSRaaFASTC;ACE Entete facture;PH_OC_MNR;Numérique;0;Total remboursable OC pour les PH ;;2012;;Attention les montants sont des montants remboursés;;;2012;;
T_SSRaaFASTC;ACE Entete facture;HON_OC_MNR;Numérique;0;Total remboursable OC pour les honoraires ;;2012;;Attention les montants sont des montants remboursés;;;2012;;
T_SSRaaFASTC;ACE Entete facture;PH_MNT;Numérique;0;Montant total facturé pour PH ;;2012;;;;;2012;;
T_SSRaaFASTC;ACE Entete facture;PAT_CMU;Caractère;1;Patient bénéficiaire de la CMU;;2012;;;;;2012;;
T_SSRaaFASTC;ACE Entete facture;GES_COD;Caractère;2;Code de gestion;;2014;;;;;2012;;
T_SSRaaFASTC;ACE Entete facture;ORG_CPL_NUM;Caractère;10;N° d’organisme complémentaire;;2015;;;;;2012;;
T_SSRaaFASTC;ACE Entete facture;NUM_DAT_AT;Caractère;9;Numéro accident du travail ou date d’accident de droit commun;;2015;;;;;2012;;
T_SSRaaFBSTC;ACE Prestation;SEQ_NUM;Caractère;8;N° séquentiel;;2012;;;;;2012;;
T_SSRaaFBSTC;ACE Prestation;TYP_ART;Caractère;1;Type d'enregistrement;;2012;;;;;2012;;
T_SSRaaFBSTC;ACE Prestation;RSF_TYP;Caractère;1;Type de format RSF (1 : ancien, 2 : nouveau);;2012;;;;;2012;;
T_SSRaaFBSTC;ACE Prestation;NUM_FAC;Caractère;3;N° Facture séquentiel;;2012;;;;;2012;;
T_SSRaaFBSTC;ACE Prestation;SOR_ANN;Caractère;4;Année des soins;;2012;;;;;2012;;
T_SSRaaFBSTC;ACE Prestation;DEL_DAT_ENT;Numérique;0;Délai par rapport à la date d'entrée;;2013;;;;;2012;;
T_SSRaaFBSTC;ACE Prestation;SOR_MOI;Caractère;2;Mois des soins;;2012;;;;;2012;;
T_SSRaaFBSTC;ACE Prestation;ETA_NUM;Caractère;9;Numéro FINESS;;2012;;;;;2012;;
T_SSRaaFBSTC;ACE Prestation;PSH_MDT;Caractère;2;Mode de traitement;;2012;;;;;2012;;
T_SSRaaFBSTC;ACE Prestation;PSH_DMT;Caractère;3;Discipline de prestation (ex DMT);;2012;;;;;2012;;
T_SSRaaFBSTC;ACE Prestation;EXO_TM;Caractère;1;Justification exo TM;;2012;;;;;2012;;
T_SSRaaFBSTC;ACE Prestation;EXE_SPE;Caractère;2;Spécialité exécutant;;2012;;;;;2012;;
T_SSRaaFBSTC;ACE Prestation;ACT_COD;Caractère;5;Code acte;;2012;;;;;2012;;
T_SSRaaFBSTC;ACE Prestation;ACT_NBR;Numérique;0;Quantité;;2012;;;;;2012;;
T_SSRaaFBSTC;ACE Prestation;ACT_COE;Numérique;0;Coefficient;;2012;;;;;2012;;
T_SSRaaFBSTC;ACE Prestation;ACT_DNB;Numérique;0;Dénombrement;;2012;;;;;2012;;
T_SSRaaFBSTC;ACE Prestation;PRI_UNI;Numérique;0;Prix Unitaire;;2012;;;;;2012;;
T_SSRaaFBSTC;ACE Prestation;REM_BAS;Numérique;0;Montant Base remboursement;;2012;;;;;2012;;
T_SSRaaFBSTC;ACE Prestation;REM_TAU;Numérique;0;Taux applicable à la prestation;;2012;;;;;2012;;
T_SSRaaFBSTC;ACE Prestation;AMO_MNR;Numérique;0;Montant Remboursable par la caisse (AMO);;2012;;Attention les montants sont des montants remboursés;;;2012;;
T_SSRaaFBSTC;ACE Prestation;HON_MNT;Numérique;0;Montant des honoraire (dépassement compris) ou Montant total de la dépense pour PH;;2012;;;;;2012;;
T_SSRaaFBSTC;ACE Prestation;AMC_MNR;Numérique;0;Montant remboursable par l'organisme complémentaire (AMC);;2012;;Attention les montants sont des montants remboursés;;;2012;;
T_SSRaaFCSTC;ACE Honoraire;SEQ_NUM;Caractère;8;N° séquentiel;;2012;;;;;2012;;
T_SSRaaFCSTC;ACE Honoraire;TYP_ART;Caractère;1;Type d'enregistrement;;2012;;;;;2012;;
T_SSRaaFCSTC;ACE Honoraire;RSF_TYP;Caractère;1;Type de format RSF (1 : ancien, 2 : nouveau);;2012;;;;;2012;;
T_SSRaaFCSTC;ACE Honoraire;NUM_FAC;Caractère;3;N° Facture séquentiel;;2012;;;;;2012;;
T_SSRaaFCSTC;ACE Honoraire;SOR_ANN;Caractère;4;Année des soins;;2012;;;;;2012;;
T_SSRaaFCSTC;ACE Honoraire;SOR_MOI;Caractère;2;Mois des soins;;2012;;;;;2012;;
T_SSRaaFCSTC;ACE Honoraire;DEL_DAT_ENT;Numérique;0;Délai par rapport à la date d'entrée;;2013;;;;;2012;;
T_SSRaaFCSTC;ACE Honoraire;ETA_NUM;Caractère;9;Numéro FINESS;;2012;;;;;2012;;
T_SSRaaFCSTC;ACE Honoraire;PSH_MDT;Caractère;2;Mode de traitement;;2012;;;;;2012;;
T_SSRaaFCSTC;ACE Honoraire;PSH_DMT;Caractère;3;Discipline de prestation (ex DMT);;2012;;;;;2012;;
T_SSRaaFCSTC;ACE Honoraire;EXO_TM;Caractère;1;Justification exo TM;;2012;;;;;2012;;
T_SSRaaFCSTC;ACE Honoraire;EXE_SPE;Caractère;2;Spécialité exécutant;;2012;;;;;2012;;
T_SSRaaFCSTC;ACE Honoraire;ACT_COD;Caractère;5;Code acte;;2012;;;;;2012;;
T_SSRaaFCSTC;ACE Honoraire;ACT_NBR;Numérique;0;Quantité;;2012;;;;;2012;;
T_SSRaaFCSTC;ACE Honoraire;ACT_COE;Numérique;0;Coefficient;;2012;;;;;2012;;
T_SSRaaFCSTC;ACE Honoraire;ACT_DNB;Numérique;0;Dénombrement;;2012;;;;;2012;;
T_SSRaaFCSTC;ACE Honoraire;PRI_UNI;Numérique;0;Prix Unitaire;;2012;;;;;2012;;
T_SSRaaFCSTC;ACE Honoraire;REM_BAS;Numérique;0;Montant Base remboursement;;2012;;;;;2012;;
T_SSRaaFCSTC;ACE Honoraire;REM_TAU;Numérique;0;Taux applicable à la prestation;;2012;;;;;2012;;
T_SSRaaFCSTC;ACE Honoraire;AMO_MNR;Numérique;0;Montant Remboursable par la caisse (AMO);;2012;;Attention les montants sont des montants remboursés;;;2012;;
T_SSRaaFCSTC;ACE Honoraire;HON_MNT;Numérique;0;Montant des honoraire (dépassement compris) ou Montant total de la dépense pour PH;;2012;;;;;2012;;
T_SSRaaFCSTC;ACE Honoraire;AMC_MNR;Numérique;0;Montant remboursable par l'organisme complémentaire (AMC);;2012;;Attention les montants sont des montants remboursés;;;2012;;
T_SSRaaFLSTC;ACE actes de biologie (issus de la NABM);SEQ_NUM;Caractère;8;N° séquentiel;;2012;;;;;2012;;
T_SSRaaFLSTC;ACE actes de biologie (issus de la NABM);TYP_ART;Caractère;1;Type d'enregistrement (L);;2012;;;;;2012;;
T_SSRaaFLSTC;ACE actes de biologie (issus de la NABM);RSF_TYP;Caractère;1;Type de format RSF (1=Ancien/2=Nouveau);;2012;;;;;2012;;
T_SSRaaFLSTC;ACE actes de biologie (issus de la NABM);NUM_FAC;Caractère;3;N° Facture séquentiel;;2012;;;;;2012;;
T_SSRaaFLSTC;ACE actes de biologie (issus de la NABM);ETA_NUM;Caractère;9;N° FINESS d'inscription e-PMSI;;2012;;;;;2012;;
T_SSRaaFLSTC;ACE actes de biologie (issus de la NABM);PSH_MDT;Caractère;2;Mode de traitement;;2012;;;;;2012;;
T_SSRaaFLSTC;ACE actes de biologie (issus de la NABM);PSH_DMT;Caractère;3;Discipline de prestation (ex DMT);;2012;;;;;2012;;
T_SSRaaFLSTC;ACE actes de biologie (issus de la NABM);ANN_MOI;Caractère;6;Mois et année;;2012;;;;;2012;;
T_SSRaaFLSTC;ACE actes de biologie (issus de la NABM);DEL_DAT_ENT;Numérique;0;délai par rapport à la date d'entrée;;2012;;;;;2012;;
T_SSRaaFLSTC;ACE actes de biologie (issus de la NABM);ACT_NBR;Numérique;0;Quantité acte;;2012;;;;;2012;;
T_SSRaaFLSTC;ACE actes de biologie (issus de la NABM);NABM_COD;Caractère;8;Code acte NABM;;2012;;Variable recodée en 2014;;;2012;;
T_SSRaaFMSTC;ACE actes CCAM;SEQ_NUM;Caractère;8;N° séquentiel;;2012;;;;;2012;;
T_SSRaaFMSTC;ACE actes CCAM;TYP_ART;Caractère;1;Type d'enregistrement;;2012;;;;;2012;;
T_SSRaaFMSTC;ACE actes CCAM;RSF_TYP;Caractère;1;Type de format RSF (1 : ancien, 2 : nouveau);;2012;;;;;2012;;
T_SSRaaFMSTC;ACE actes CCAM;NUM_FAC;Caractère;3;N° Facture séquentiel;;2012;;;;;2012;;
T_SSRaaFMSTC;ACE actes CCAM;SOR_ANN;Caractère;4;Année de sortie;;2012;;;;;2012;;
T_SSRaaFMSTC;ACE actes CCAM;SOR_MOI;Caractère;2;Mois de sortie;;2012;;;;;2012;;
T_SSRaaFMSTC;ACE actes CCAM;DEL_DAT_ENT;Numérique;0;Délai par rapport à la date d'entrée;;2013;;;;;2012;;
T_SSRaaFMSTC;ACE actes CCAM;ETA_NUM;Caractère;9;Numéro FINESS;;2012;;;;;2012;;
T_SSRaaFMSTC;ACE actes CCAM;PSH_MDT;Caractère;2;Mode de traitement;;2012;;;;;2012;;
T_SSRaaFMSTC;ACE actes CCAM;PSH_DMT;Caractère;3;Discipline de prestation (ex DMT);;2012;;;;;2012;;
T_SSRaaFMSTC;ACE actes CCAM;CCAM_COD;Caractère;13;Code CCAM;;2012;;;;;2012;;
T_SSRaaFMSTC;ACE actes CCAM;DOC_ACT;Caractère;1;Extension documentaire;;2012;;;;;2012;;
T_SSRaaFMSTC;ACE actes CCAM;ACV_ACT;Caractère;1;Activité;;2012;;;;;2012;;
T_SSRaaFMSTC;ACE actes CCAM;PHA_ACT;Caractère;1;Phase;;2012;;;;;2012;;
T_SSRaaFMSTC;ACE actes CCAM;MOD_ACT1;Caractère;1;Modificateur 1;;2012;;;;;2012;;
T_SSRaaFMSTC;ACE actes CCAM;MOD_ACT2;Caractère;1;Modificateur 2;;2012;;;;;2012;;
T_SSRaaFMSTC;ACE actes CCAM;MOD_ACT3;Caractère;1;Modificateur 3;;2012;;;;;2012;;
T_SSRaaFMSTC;ACE actes CCAM;MOD_ACT4;Caractère;1;Modificateur 4;;2012;;;;;2012;;
T_SSRaaFMSTC;ACE actes CCAM;ANP_ACT;Caractère;1;Code association d'actes non prévue;;2012;;;;;2012;;
T_SSRaaFMSTC;ACE actes CCAM;REM_EXP_ACT;Caractère;1;Code remboursement sous condition;;2012;;;;;2012;;
T_SSRaaFMSTC;ACE actes CCAM;DENT_NUM_1;Caractère;2;N° dent 1;;2012;;;;;2012;;
T_SSRaaFMSTC;ACE actes CCAM;DENT_NUM_2;Caractère;2;N° dent 2;;2012;;;;;2012;;
T_SSRaaFMSTC;ACE actes CCAM;DENT_NUM_3;Caractère;2;N° dent 3;;2012;;;;;2012;;
T_SSRaaFMSTC;ACE actes CCAM;DENT_NUM_4;Caractère;2;N° dent 4;;2012;;;;;2012;;
T_SSRaaFMSTC;ACE actes CCAM;DENT_NUM_5;Caractère;2;N° dent 5;;2012;;;;;2012;;
T_SSRaaFMSTC;ACE actes CCAM;DENT_NUM_6;Caractère;2;N° dent 6;;2012;;;;;2012;;
T_SSRaaFMSTC;ACE actes CCAM;DENT_NUM_7;Caractère;2;N° dent 7;;2012;;;;;2012;;
T_SSRaaFMSTC;ACE actes CCAM;DENT_NUM_8;Caractère;2;N° dent 8;;2012;;;;;2012;;
T_SSRaaFMSTC;ACE actes CCAM;DENT_NUM_9;Caractère;2;N° dent 9;;2012;;;;;2012;;
T_SSRaaFMSTC;ACE actes CCAM;DENT_NUM_10;Caractère;2;N° dent 10;;2012;;;;;2012;;
T_SSRaaFMSTC;ACE actes CCAM;DENT_NUM_11;Caractère;2;N° dent 11;;2012;;;;;2012;;
T_SSRaaFMSTC;ACE actes CCAM;DENT_NUM_12;Caractère;2;N° dent 12;;2012;;;;;2012;;
T_SSRaaFMSTC;ACE actes CCAM;DENT_NUM_13;Caractère;2;N° dent 13;;2012;;;;;2012;;
T_SSRaaFMSTC;ACE actes CCAM;DENT_NUM_14;Caractère;2;N° dent 14;;2012;;;;;2012;;
T_SSRaaFMSTC;ACE actes CCAM;DENT_NUM_15;Caractère;2;N° dent 15;;2012;;;;;2012;;
T_SSRaaFMSTC;ACE actes CCAM;DENT_NUM_16;Caractère;2;N° dent 16;;2012;;;;;2012;;
T_SSRaaFA;OQN Entete facture;RHA_NUM;Caractère;7;N° Séquentiel du séjour;;2007;;;;;2007;;
T_SSRaaFA;OQN Entete facture;TYP_ART;Caractère;1;Type d'enregistrement (A);;2007;;;;;2007;;
T_SSRaaFA;OQN Entete facture;RSF_TYP;Caractère;1;Type de format RSF (1=Ancien/2=Nouveau);;2007;;;;;2007;;
T_SSRaaFA;OQN Entete facture;NUM_FAC;Caractère;3;N° Facture séquentiel;;2007;;;;;2007;;
T_SSRaaFA;OQN Entete facture;ETA_NUM;Caractère;9;N° FINESS;;2007;;;;;2007;;
T_SSRaaFA;OQN Entete facture;AGE_ANN;Numérique;0;Age;;2014;;;;;2007;;
T_SSRaaFA;OQN Entete facture;COD_SEX;Caractère;1;Sexe;;2007;;;;;2007;;
T_SSRaaFA;OQN Entete facture;COD_CIV;Caractère;1;Civilité;;2007;;;;;2007;;
T_SSRaaFA;OQN Entete facture;RNG_BEN;Caractère;3;Rang de bénéficiaire;;2016;;;;;2007;;
T_SSRaaFA;OQN Entete facture;OPE_NAT;Caractère;1;Nature opération;;2007;;;;;2007;;
T_SSRaaFA;OQN Entete facture;NAT_ASS;Caractère;2;Nature assurance;;2007;;;;;2007;;
T_SSRaaFA;OQN Entete facture;EXO_TM;Caractère;1;Justification d'exonération du TM;;2007;;;;;2007;;
T_SSRaaFA;OQN Entete facture;COD_PEC;Caractère;1;Code de prise en charge;;2007;;;;;2007;;
T_SSRaaFA;OQN Entete facture;NOE_RGM;Caractère;2;Code Gd régime;;2007;;;;;2007;;
T_SSRaaFA;OQN Entete facture;RNG_NAI;Caractère;1;Rang de naissance;;2016;;;;;2007;;
T_SSRaaFA;OQN Entete facture;PH_BRM;Numérique;0;Total Base Remboursement Prestation hospitalière;;2007;;;;;2007;;
T_SSRaaFA;OQN Entete facture;PH_AMO_MNR;Numérique;0;Total remboursable AMO Prestation hospitalières;;2007;;Attention les montants sont des montants remboursés;;;2007;;
T_SSRaaFA;OQN Entete facture;HON_MNT;Numérique;0;Total honoraire Facturé;;2007;;;;;2007;;
T_SSRaaFA;OQN Entete facture;HON_AM_MNR;Numérique;0;Total honoraire remboursable AM;;2007;;Attention les montants sont des montants remboursés;;;2007;;
T_SSRaaFA;OQN Entete facture;PAS_OC_MNT;Numérique;0;Total participation assuré avant OC;;2007;;;;;2007;;
T_SSRaaFA;OQN Entete facture;PH_OC_MNR;Numérique;0;Total remboursable OC pour les PH;;2007;;Attention les montants sont des montants remboursés;;;2007;;
T_SSRaaFA;OQN Entete facture;HON_OC_MNR;Numérique;0;Total remboursable OC pour les honoraires;;2007;;Attention les montants sont des montants remboursés;;;2007;;
T_SSRaaFA;OQN Entete facture;PH_MNT;Numérique;0;Montant total facturé pour  PH;;2007;;;;;2007;;
T_SSRaaFA;OQN Entete facture;PAT_BEN_CMU;Caractère;1;Patient bénéficiaire de la CMU;;2012;;;;;2007;;
T_SSRaaFA;OQN Entete facture;ORG_CPL_NUM;Caractère;10;N° d’organisme complémentaire;;2015;;;;;2007;;
T_SSRaaFA;OQN Entete facture;NUM_DAT_AT;Caractère;9;Numéro accident du travail ou date d’accident de droit commun;;2015;;;;;2007;;
T_SSRaaFB;OQN Prestation;RHA_NUM;Caractère;7;N° Séquentiel du séjour;;2007;;;;;2007;;
T_SSRaaFB;OQN Prestation;TYP_ART;Caractère;1;Type d'enregistrement (B);;2007;;;;;2007;;
T_SSRaaFB;OQN Prestation;RSF_TYP;Caractère;1;Type de format RSF (1=Ancien/2=Nouveau);;2007;;;;;2007;;
T_SSRaaFB;OQN Prestation;NUM_FAC;Caractère;3;N° Facture séquentiel;;2007;;;;;2007;;
T_SSRaaFB;OQN Prestation;DEL_DAT_ENT;Numérique;0;Délai par rapport à la date d'entrée;;2012;;;;;2007;;
T_SSRaaFB;OQN Prestation;ETA_NUM;Caractère;9;N° FINESS;;2007;;;;;2007;;
T_SSRaaFB;OQN Prestation;ACT_DUR;Numérique;0;Durée de l'acte;;2007;;;;;2007;;
T_SSRaaFB;OQN Prestation;PSH_MDT;Caractère;2;Mode de traitement;;2007;;;;;2007;;
T_SSRaaFB;OQN Prestation;PSH_DMT;Caractère;3;Discipline de prestation (ex DMT);;2007;;;;;2007;;
T_SSRaaFB;OQN Prestation;EXO_TM;Caractère;1;Justification exonération TM;;2007;;;;;2007;;
T_SSRaaFB;OQN Prestation;ACT_COD;Caractère;5;Code acte;;2007;;;;;2007;;
T_SSRaaFB;OQN Prestation;ACT_NBR;Numérique;0;Quantité;;2007;;;;;2007;;
T_SSRaaFB;OQN Prestation;ACT_COE;Numérique;0;Cœfficient;;2007;;;;;2007;;
T_SSRaaFB;OQN Prestation;FJ_COD_PEC;Caractère;1;Code prise en charge FJ;;2007;;;;;2007;;
T_SSRaaFB;OQN Prestation;MCO_COE;Numérique;0;Cœfficient MCO;;2007;;;;;2007;;
T_SSRaaFB;OQN Prestation;PRI_UNI;Numérique;0;Prix Unitaire;;2007;;;;;2007;;
T_SSRaaFB;OQN Prestation;REM_BAS;Numérique;0;Montant Base remboursement;;2007;;;;;2007;;
T_SSRaaFB;OQN Prestation;REM_TAU;Numérique;0;Taux Remboursement;;2007;;;;;2007;;
T_SSRaaFB;OQN Prestation;AMO_MNR;Numérique;0;Montant Remboursable AMO;;2007;;Attention les montants sont des montants remboursés;;;2007;;
T_SSRaaFB;OQN Prestation;FAC_MNT;Numérique;0;Montant total Facturé;;2007;;;;;2007;;
T_SSRaaFB;OQN Prestation;AMC_MNR;Numérique;0;Montant remboursable AMC;;2007;;Attention les montants sont des montants remboursés;;;2007;;
T_SSRaaFB;OQN Prestation;GHS_NUM;Caractère;4;N° GHS;;2007;;;;;2007;;
T_SSRaaFB;OQN Prestation;NOE_MNR;Numérique;0;Montant remboursé NOEMIE Retour;;2007;;;;;2007;;
T_SSRaaFB;OQN Prestation;NOE_OPE;Caractère;3;Nature opération récupération NOEMIE Retour;;2007;;;;;2007;;
T_SSRaaFB;OQN Prestation;ETE_GHS_NUM;Numérique;0;N° GHS (format num);;2007;;;;;2007;;
T_SSRaaFC;OQN Honoraire;RHA_NUM;Caractère;7;N° Séquentiel du séjour;;2007;;;;;2007;;
T_SSRaaFC;OQN Honoraire;TYP_ART;Caractère;1;Type d'enregistrement (C);;2007;;;;;2007;;
T_SSRaaFC;OQN Honoraire;RSF_TYP;Caractère;1;Type de format RSF (1=Ancien/2=Nouveau);;2007;;;;;2007;;
T_SSRaaFC;OQN Honoraire;NUM_FAC;Caractère;3;N° Facture séquentiel;;2007;;;;;2007;;
T_SSRaaFC;OQN Honoraire;DEL_DAT_ENT;Numérique;0;Délai par rapport à la date d'entrée;;2012;;;;;2007;;
T_SSRaaFC;OQN Honoraire;ETA_NUM;Caractère;9;N° FINESS;;2007;;;;;2007;;
T_SSRaaFC;OQN Honoraire;PSH_MDT;Caractère;2;Mode de traitement;;2007;;;;;2007;;
T_SSRaaFC;OQN Honoraire;PSH_DMT;Caractère;3;Discipline de prestation (ex DMT);;2007;;;;;2007;;
T_SSRaaFC;OQN Honoraire;EXO_TM;Caractère;1;Justification exonération TM;;2007;;;;;2007;;
T_SSRaaFC;OQN Honoraire;ACT_COD;Caractère;5;Code acte;;2007;;;;;2007;;
T_SSRaaFC;OQN Honoraire;ACT_NBR;Numérique;0;Quantité;;2007;;;;;2007;;
T_SSRaaFC;OQN Honoraire;ACT_COE;Numérique;0;Cœfficient;;2007;;;;;2007;;
T_SSRaaFC;OQN Honoraire;ACT_DNB;Numérique;0;Dénombrement;;2007;;;;;2007;;
T_SSRaaFC;OQN Honoraire;PRI_UNI;Numérique;0;Prix Unitaire;;2007;;;;;2007;;
T_SSRaaFC;OQN Honoraire;REM_BAS;Numérique;0;Montant Base remboursement;;2007;;;;;2007;;
T_SSRaaFC;OQN Honoraire;REM_TAU;Numérique;0;Taux Remboursement;;2007;;;;;2007;;
T_SSRaaFC;OQN Honoraire;AMO_MNR;Numérique;0;Montant Remboursable AMO;;2007;;Attention les montants sont des montants remboursés;;;2007;;
T_SSRaaFC;OQN Honoraire;HON_MNT;Numérique;0;Montant des honoraires (dépassement compris);;2007;;;;;2007;;
T_SSRaaFC;OQN Honoraire;AMC_MNR;Numérique;0;Montant remboursable AMC;;2007;;Attention les montants sont des montants remboursés;;;2007;;
T_SSRaaFC;OQN Honoraire;NOE_MNR;Numérique;0;Montant remboursé NOEMIE Retour;;2007;;;;;2007;;
T_SSRaaFC;OQN Honoraire;NOE_OPE;Caractère;3;Nature opération récupération NOEMIE Retour;;2007;;;;;2007;;
T_SSRaaFH;OQN med en sus;RHA_NUM;Caractère;7;N° Séquentiel du séjour;;2007;;;;;2007;;
T_SSRaaFH;OQN med en sus;TYP_ART;Caractère;1;Type d'enregistrement (H);;2007;;;;;2007;;
T_SSRaaFH;OQN med en sus;RSF_TYP;Caractère;1;Type de format RSF (1=Ancien/2=Nouveau);;2007;;;;;2007;;
T_SSRaaFH;OQN med en sus;NUM_FAC;Caractère;3;N° Facture séquentiel;;2007;;;;;2007;;
T_SSRaaFH;OQN med en sus;DEL_DAT_ENT;Numérique;0;Délai par rapport à la date d'entrée;;2012;;;;;2007;;
T_SSRaaFH;OQN med en sus;ETA_NUM;Caractère;9;N° FINESS;;2007;;;;;2007;;
T_SSRaaFH;OQN med en sus;COD_UCP_CIP;Caractère;7;Code UCD;;2007;;;;;2007;;
T_SSRaaFH;OQN med en sus;COD_TAU;Caractère;1;Code Taux;;2007;;;;;2007;;
T_SSRaaFH;OQN med en sus;ACH_PRI;Numérique;0;Prix d'achat;;2007;;;;;2007;;
T_SSRaaFH;OQN med en sus;MNT_IND;Numérique;0;Montant écart indemnisable;;2007;;;;;2007;;
T_SSRaaFH;OQN med en sus;PRI_UNI_FAC;Numérique;0;Prix unitaire facturé;;2007;;;;;2007;;
T_SSRaaFH;OQN med en sus;QUA_COD;Numérique;0;Quantité ;;2007;;;;;2007;;
T_SSRaaFH;OQN med en sus;FAC_TOT;Numérique;0;Montant total facturé;;2007;;;;;2007;;
T_SSRaaFH;OQN med en sus;UCD_UCD_COD;Caractère;13;Code UCD (0 à gauche);;2007;;Variable créée par CNAMTS;;;2007;;
T_SSRaaFI;OQN Interruption séjour;RHA_NUM;Caractère;7;N° Séquentiel du séjour;;2007;;;;;2007;;
T_SSRaaFI;OQN Interruption séjour;TYP_ART;Caractère;1;Type d'enregistrement (I);;2007;;;;;2007;;
T_SSRaaFI;OQN Interruption séjour;RSF_TYP;Caractère;1;Type de format RSF (1=Ancien/2=Nouveau);;2007;;;;;2007;;
T_SSRaaFI;OQN Interruption séjour;DEL_DAT_ENT;Numérique;0;Délai par rapport à la date d'entrée;;2012;;;;;2007;;
T_SSRaaFI;OQN Interruption séjour;NUM_FAC;Caractère;3;N° Facture séquentiel;;2007;;;;;2007;;
T_SSRaaFI;OQN Interruption séjour;ETA_NUM;Caractère;9;N° FINESS;;2007;;;;;2007;;
T_SSRaaFI;OQN Interruption séjour;ACT_DUR;Numérique;0;Durée de l'acte;;2007;;;;;2007;;
T_SSRaaFI;OQN Interruption séjour;SEJ_FIN;Caractère;1;Nature d'intervention ou de fin de séjour;;2007;;;;;2007;;
T_SSRaaFI;OQN Interruption séjour;ETB_NUM;Caractère;14;Etablissement;;2007;;;;;2007;;
T_SSRaaFL;OQN actes de biologie (issus de la NABM);RHA_NUM;Caractère;7;N° Séquentiel du séjour;;2012;;;;;2012;;
T_SSRaaFL;OQN actes de biologie (issus de la NABM);TYP_ART;Caractère;1;Type d'enregistrement (L);;2012;;;;;2012;;
T_SSRaaFL;OQN actes de biologie (issus de la NABM);RSF_TYP;Caractère;1;Type de format RSF (1=Ancien/2=Nouveau);;2012;;;;;2012;;
T_SSRaaFL;OQN actes de biologie (issus de la NABM);NUM_FAC;Caractère;3;N° Facture séquentiel;;2012;;;;;2012;;
T_SSRaaFL;OQN actes de biologie (issus de la NABM);ETA_NUM;Caractère;9;N° FINESS d'inscription e-PMSI;;2012;;;;;2012;;
T_SSRaaFL;OQN actes de biologie (issus de la NABM);PSH_MDT;Caractère;2;Mode de traitement;;2012;;;;;2012;;
T_SSRaaFL;OQN actes de biologie (issus de la NABM);PSH_DMT;Caractère;3;Discipline de prestation (ex DMT);;2012;;;;;2012;;
T_SSRaaFL;OQN actes de biologie (issus de la NABM);ANN_MOI;Caractère;6;Mois et année;;2012;;;;;2012;;
T_SSRaaFL;OQN actes de biologie (issus de la NABM);DEL_DAT_ENT;Numérique;0;délai par rapport à la date d'entrée;;2012;;;;;2012;;
T_SSRaaFL;OQN actes de biologie (issus de la NABM);ACT_NBR;Numérique;0;Quantité acte;;2012;;;;;2012;;
T_SSRaaFL;OQN actes de biologie (issus de la NABM);NABM_COD;Caractère;8;Code acte NABM;;2012;;Variable recodée en 2014;;;2012;;
T_SSRaaFM;OQN actes CCAM;RHA_NUM;Caractère;7;N° Séquentiel du séjour;;2007;;;;;2007;;
T_SSRaaFM;OQN actes CCAM;TYP_ART;Caractère;1;Type d'enregistrement (M);;2007;;;;;2007;;
T_SSRaaFM;OQN actes CCAM;RSF_TYP;Caractère;1;Type de format RSF (1=Ancien/2=Nouveau);;2007;;;;;2007;;
T_SSRaaFM;OQN actes CCAM;NUM_FAC;Caractère;3;N° Facture séquentiel;;2007;;;;;2007;;
T_SSRaaFM;OQN actes CCAM;DEL_DAT_ENT;Numérique;0;Délai par rapport à la date d'entrée;;2012;;;;;2007;;
T_SSRaaFM;OQN actes CCAM;ETA_NUM;Caractère;9;N° FINESS;;2007;;;;;2007;;
T_SSRaaFM;OQN actes CCAM;PSH_MDT;Caractère;2;Mode de traitement;;2007;;;;;2007;;
T_SSRaaFM;OQN actes CCAM;PSH_DMT;Caractère;3;DMT;;2007;;;;;2007;;
T_SSRaaFM;OQN actes CCAM;CCAM_COD;Caractère;13;Code CCAM;;2007;;;;;2007;;
T_SSRaaFM;OQN actes CCAM;DOC_ACT;Caractère;1;Extension documentaire;;2007;;;;;2007;;
T_SSRaaFM;OQN actes CCAM;ACV_ACT;Caractère;1;Activité;;2007;;;;;2007;;
T_SSRaaFM;OQN actes CCAM;PHA_ACT;Caractère;1;Phase;;2007;;;;;2007;;
T_SSRaaFM;OQN actes CCAM;MOD_ACT1;Caractère;1;Modificateur 1;;2007;;;;;2007;;
T_SSRaaFM;OQN actes CCAM;MOD_ACT2;Caractère;1;Modificateur 2;;2007;;;;;2007;;
T_SSRaaFM;OQN actes CCAM;MOD_ACT3;Caractère;1;Modificateur 3;;2007;;;;;2007;;
T_SSRaaFM;OQN actes CCAM;MOD_ACT4;Caractère;1;Modificateur 4;;2007;;;;;2007;;
T_SSRaaFM;OQN actes CCAM;ANP_ACT;Caractère;1;Association non prévue;;2007;;;;;2007;;
T_SSRaaFM;OQN actes CCAM;REM_EXP_ACT;Caractère;1;Code remb exceptionnel;;2007;;;;;2007;;
T_SSRaaFM;OQN actes CCAM;DENT_NUM_1;Caractère;2;N° dent 1;;2007;;;;;2007;;
T_SSRaaFM;OQN actes CCAM;DENT_NUM_2;Caractère;2;N° dent 2;;2007;;;;;2007;;
T_SSRaaFM;OQN actes CCAM;DENT_NUM_3;Caractère;2;N° dent 3;;2007;;;;;2007;;
T_SSRaaFM;OQN actes CCAM;DENT_NUM_4;Caractère;2;N° dent 4;;2007;;;;;2007;;
T_SSRaaFM;OQN actes CCAM;DENT_NUM_5;Caractère;2;N° dent 5;;2007;;;;;2007;;
T_SSRaaFM;OQN actes CCAM;DENT_NUM_6;Caractère;2;N° dent 6;;2007;;;;;2007;;
T_SSRaaFM;OQN actes CCAM;DENT_NUM_7;Caractère;2;N° dent 7;;2007;;;;;2007;;
T_SSRaaFM;OQN actes CCAM;DENT_NUM_8;Caractère;2;N° dent 8;;2007;;;;;2007;;
T_SSRaaFM;OQN actes CCAM;DENT_NUM_9;Caractère;2;N° dent 9;;2007;;;;;2007;;
T_SSRaaFM;OQN actes CCAM;DENT_NUM_10;Caractère;2;N° dent 10;;2007;;;;;2007;;
T_SSRaaFM;OQN actes CCAM;DENT_NUM_11;Caractère;2;N° dent 11;;2007;;;;;2007;;
T_SSRaaFM;OQN actes CCAM;DENT_NUM_12;Caractère;2;N° dent 12;;2007;;;;;2007;;
T_SSRaaFM;OQN actes CCAM;DENT_NUM_13;Caractère;2;N° dent 13;;2007;;;;;2007;;
T_SSRaaFM;OQN actes CCAM;DENT_NUM_14;Caractère;2;N° dent 14;;2007;;;;;2007;;
T_SSRaaFM;OQN actes CCAM;DENT_NUM_15;Caractère;2;N° dent 15;;2007;;;;;2007;;
T_SSRaaFM;OQN actes CCAM;DENT_NUM_16;Caractère;2;N° dent 16;;2007;;;;;2007;;
T_SSRaaFP;OQN DMI en sus;RHA_NUM;Caractère;7;N° Séquentiel du séjour;;2007;;;;;2007;;
T_SSRaaFP;OQN DMI en sus;TYP_ART;Caractère;1;Type d'enregistrement (P);;2007;;;;;2007;;
T_SSRaaFP;OQN DMI en sus;RSF_TYP;Caractère;1;Type de format RSF (1=Ancien/2=Nouveau);;2007;;;;;2007;;
T_SSRaaFP;OQN DMI en sus;NUM_FAC;Caractère;3;N° Facture séquentiel;;2007;;;;;2007;;
T_SSRaaFP;OQN DMI en sus;DEL_DAT_ENT;Numérique;0;Délai par rapport à la date d'entrée;;2012;;;;;2007;;
T_SSRaaFP;OQN DMI en sus;ETA_NUM;Caractère;9;N° FINESS;;2007;;;;;2007;;
T_SSRaaFP;OQN DMI en sus;LPP_COD1;Caractère;13;Code LPP 1;;2007;;;;;2007;;
T_SSRaaFP;OQN DMI en sus;LPP_QUA1;Numérique;0;Quantité 1;;2007;;;;;2007;;
T_SSRaaFP;OQN DMI en sus;LPP_PRI_UNI1;Numérique;0;Tarif référence LPP / Prix Unitaire 1;;2007;;;;;2007;;
T_SSRaaFP;OQN DMI en sus;FAC_MNT1;Numérique;0;Montant facturé 1;;2007;;;;;2007;;
T_SSRaaFP;OQN DMI en sus;LPP_COD2;Caractère;13;Code LPP 2;;2007;;;;;2007;;
T_SSRaaFP;OQN DMI en sus;LPP_QUA2;Numérique;0;Quantité 2;;2007;;;;;2007;;
T_SSRaaFP;OQN DMI en sus;LPP_PRI_UNI2;Numérique;0;Tarif référence LPP / Prix Unitaire 2;;2007;;;;;2007;;
T_SSRaaFP;OQN DMI en sus;FAC_MNT2;Numérique;0;Montant facturé 2;;2007;;;;;2007;;
T_SSRaaFP;OQN DMI en sus;TIP_PRS_IDE;Numérique;0;Code référence LPP (format numérique);;2007;;;;;2007;;
T_SSRaaA;Acte CCAM;CDC_ACT;Caractère;7;Code de l'acte CCAM;;2005;2009;;;;2005;2009;
T_SSRaaA;Acte CCAM;ETA_NUM;Caractère;9;N° FINESS de l'établissement;;2005;2009;;;;2005;2009;
T_SSRaaA;Acte CCAM;PHA_ACT;Caractère;1;Phase;;2005;2009;;;;2005;2009;
T_SSRaaA;Acte CCAM;RHA_NUM;Caractère;7;N° Séquentiel du séjour;;2005;2009;;;;2005;2009;
T_SSRaaA;Acte CCAM;RHA_VER;Caractère;3;N° version du format du RHA;;2005;2009;;;;2005;2009;
T_SSRaaA;Acte CCAM;RHS_NUM;Caractère;3;Numéro séquentiel du RHS;;2005;2009;;;;2005;2009;
T_SSRaaB;Description du Séjour;ACT_TYP;Caractère;1;Type d’activité;;2005;2009;;;;2005;;
T_SSRaaB;Description du Séjour;APP_ADP;Numérique;0;Adaptation d’appareillage;;2005;2009;;;;2005;;
T_SSRaaB;Description du Séjour;ASS_DGN_1;Caractère;6;Diagnostic associé n° 1;;2005;2009;;;;2005;;
T_SSRaaB;Description du Séjour;ASS_DGN_2;Caractère;6;Diagnostic associé n° 2;;2005;2009;;;;2005;;
T_SSRaaB;Description du Séjour;ASS_DGN_3;Caractère;6;Diagnostic associé n° 3;;2005;2009;;;;2005;;
T_SSRaaB;Description du Séjour;ASS_DGN_4;Caractère;6;Diagnostic associé n° 4;;2005;2009;;;;2005;;
T_SSRaaB;Description du Séjour;ASS_DGN_5;Caractère;6;Diagnostic associé n° 5;;2005;2009;;;;2005;;
T_SSRaaB;Description du Séjour;ASS_DGN_6;Caractère;6;Diagnostic associé n° 6;;2007;2009;;;;2005;;
T_SSRaaB;Description du Séjour;ASS_DGN_7;Caractère;6;Diagnostic associé n° 7;;2007;2009;;;;2005;;
T_SSRaaB;Description du Séjour;ASS_DGN_8;Caractère;6;Diagnostic associé n° 8;;2007;2009;;;;2005;;
T_SSRaaB;Description du Séjour;ASS_DGN_9;Caractère;6;Diagnostic associé n° 9;;2007;2009;;;;2005;;
T_SSRaaB;Description du Séjour;ASS_DGN_10;Caractère;6;Diagnostic associé n° 10;;2007;2009;;;;2005;;
T_SSRaaB;Description du Séjour;ASS_DGN_11;Caractère;6;Diagnostic associé n° 11;;2007;2009;;;;2005;;
T_SSRaaB;Description du Séjour;ASS_DGN_12;Caractère;6;Diagnostic associé n° 12;;2007;2009;;;;2005;;
T_SSRaaB;Description du Séjour;ASS_DGN_13;Caractère;6;Diagnostic associé n° 13;;2007;2009;;;;2005;;
T_SSRaaB;Description du Séjour;ASS_DGN_14;Caractère;6;Diagnostic associé n° 14;;2007;2009;;;;2005;;
T_SSRaaB;Description du Séjour;ASS_DGN_15;Caractère;6;Diagnostic associé n° 15;;2007;2009;;;;2005;;
T_SSRaaB;Description du Séjour;ASS_DGN_16;Caractère;6;Diagnostic associé n° 16;;2007;2009;;;;2005;;
T_SSRaaB;Description du Séjour;ASS_DGN_17;Caractère;6;Diagnostic associé n° 17;;2007;2009;;;;2005;;
T_SSRaaB;Description du Séjour;ASS_DGN_18;Caractère;6;Diagnostic associé n° 18;;2007;2009;;;;2005;;
T_SSRaaB;Description du Séjour;ASS_DGN_19;Caractère;6;Diagnostic associé n° 19;;2007;2009;;;;2005;;
T_SSRaaB;Description du Séjour;ASS_DGN_20;Caractère;6;Diagnostic associé n° 20;;2007;2009;;;;2005;;
T_SSRaaB;Description du Séjour;BAL;Numérique;0;Balnéothérapie;;2005;2009;;;;2005;;
T_SSRaaB;Description du Séjour;BIL;Numérique;0;Bilans;;2005;2009;;;;2005;;
T_SSRaaB;Description du Séjour;CAR_RSP_RED;Numérique;0;Rééducation cardio-respiratoire;;2005;2009;;;;2005;;
T_SSRaaB;Description du Séjour;COL_RED;Numérique;0;Rééducation collective;;2005;2009;;;;2005;;
T_SSRaaB;Description du Séjour;FR_UTL;Caractère;1;Utilisation d’un fauteuil roulant;;2005;2009;;;;2005;;
T_SSRaaB;Description du Séjour;GRC_CMC;Caractère;2;CMC de l'établissement;;2005;2013;;;;2005;;
T_SSRaaB;Description du Séjour;GRC_GHJ;Caractère;3;GHJ de l'établissement;;2005;2013;;;;2005;;
T_SSRaaB;Description du Séjour;GRG_CMC;Caractère;2;CMC du GENRHA;;2005;2013;;;;2005;;
T_SSRaaB;Description du Séjour;GRG_GHJ;Caractère;3;GHJ du GENRHA;;2005;2013;;;;2005;;
T_SSRaaB;Description du Séjour;MEC_RED;Numérique;0;Rééducation mécanique;;2005;2009;;;;2005;;
T_SSRaaB;Description du Séjour;NBR_ACT;Numérique;0;Nombre d’actes (n) médicaux;;2005;2009;;;;2005;;
T_SSRaaB;Description du Séjour;NBR_CCAR;Numérique;0;Nombre d'actes CdARR dans ce RHS (n2);;2009;2014;;;;2005;;
T_SSRaaB;Description du Séjour;NEU_PSY_RED;Numérique;0;Rééducation neuro-psychologique;;2005;2009;;;;2005;;
T_SSRaaB;Description du Séjour;NUT_RED;Numérique;0;Rééducation nutritionnelle;;2005;2009;;;;2005;;
T_SSRaaB;Description du Séjour;PHY;Numérique;0;Physiothérapie;;2005;2009;;;;2005;;
T_SSRaaB;Description du Séjour;REI_RED;Numérique;0;Réadaptation-réinsertion;;2005;2009;;;;2005;;
T_SSRaaB;Description du Séjour;RHS_NBR_IVA;Caractère;5;Nombre total de points IVA  du RHS;;2009;2014;;;;2005;;
T_SSRaaB;Description du Séjour;SEN_MOT_RED;Numérique;0;Rééducation sensori-motrice;;2005;2009;;;;2005;;
T_SSRaaB;Description du Séjour;URO_SPH_RED;Numérique;0;Rééducation uro-sphinctérienne;;2005;2009;;;;2005;;
T_SSRaaC;NIR patient et Dates de soin;ENT_AM;Caractère;6;Date d'entrée au format année + mois;;2009;2011;;;;2005;;
T_SSRaaC;NIR patient et Dates de soin;SOR_AM;Caractère;6;Date de sortie au format année + mois;;2009;2011;;;;2005;;
T_SSRaaC;NIR patient et Dates de soin;SOR_ANN;Caractère;4;Année de sortie;;2005;2009;;;;2005;;
T_SSRaaC;NIR patient et Dates de soin;SOR_MOI;Caractère;2;Mois de sortie;;2005;2009;;;;2005;;
T_SSRaaCCAR;classification acte de réadaptation;APP_SUP_COD;Caractère;3;"Code supplémentaire ""appareillage""";;2012;2014;;;;2009;2014;
T_SSRaaCCAR;classification acte de réadaptation;CCAR_ACT;Caractère;7;Code principal;;2009;2012;;;;2009;2014;
T_SSRaaCCAR;classification acte de réadaptation;CCAR_COD;Caractère;7;Code principal;;2012;2014;;;;2009;2014;
T_SSRaaCCAR;classification acte de réadaptation;CCAR_ACT_COMP_WEEK;Caractère;1;Acte compatible avec  la semaine;;2010;2014;;;;2009;2014;
T_SSRaaCCAR;classification acte de réadaptation;CCAR_NBR_REA;Numérique;0;Nombre de réalisations;;2009;2014;;;;2009;2014;
T_SSRaaCCAR;classification acte de réadaptation;DELAI_ENT_UM;Numérique;0;Délai depuis l'entrée dans l'UM;;2012;2014;;;;2009;2014;
T_SSRaaCCAR;classification acte de réadaptation;ETA_NUM;Caractère;9;N° FINESS de l'établissement;;2009;2014;;;;2009;2014;
T_SSRaaCCAR;classification acte de réadaptation;INT_COD;Caractère;2;Code de l'intervenant;;2009;2014;;;;2009;2014;
T_SSRaaCCAR;classification acte de réadaptation;MODUL_LIEU_COD;Caractère;2;Code modulateur de lieu;;2012;2014;;;;2009;2014;
T_SSRaaCCAR;classification acte de réadaptation;MODUL_PAT1_COD;Caractère;2;"Code ""modulateur de patient"" n°1";;2012;2014;;;;2009;2014;
T_SSRaaCCAR;classification acte de réadaptation;MODUL_PAT2_COD;Caractère;2;"Code ""modulateur de patient"" n°2";;2012;2014;;;;2009;2014;
T_SSRaaCCAR;classification acte de réadaptation;NBR_PAT;Numérique;0;Nombre de patients en acte individuel;;2012;2014;;;;2009;2014;
T_SSRaaCCAR;classification acte de réadaptation;RHA_NUM;Caractère;7;N° Séquentiel du séjour;;2009;2014;;;;2009;2014;
T_SSRaaCCAR;classification acte de réadaptation;RHA_VER;Caractère;3;N° version du format du RHA;;2009;2014;;;;2009;2014;
T_SSRaaCCAR;classification acte de réadaptation;RHS_NUM;Caractère;3;Numéro séquentiel du RHS;;2009;2014;;;;2009;2014;
T_SSRaaFASTC;ACE Entete facture;FIDES_TOP;Caractère;1;Valorisé par FIDES;;2012;2014;;;;2012;;
T_SSRaaFB;OQN Prestation;ACT_DEL;Numérique;0;Délai de l'acte;;2007;2012;;;;2007;;
T_SSRaaFC;OQN Honoraire;ACT_DEL;Numérique;0;Délai de l'acte;;2007;2012;;;;2007;;
T_SSRaaFH;OQN med en sus;ACT_DEL;Numérique;0;Délai de l'acte;;2007;2012;;;;2007;;
T_SSRaaFI;OQN Interruption séjour;ACT_DEL;Numérique;0;Délai de l'acte;;2007;2012;;;;2007;;
T_SSRaaFM;OQN actes CCAM;ACT_DEL;Numérique;0;Délai de l'acte;;2007;2012;;;;2007;;
T_SSRaaFP;OQN DMI en sus;ACT_DEL;Numérique;0;Délai de l'acte;;2007;2012;;;;2007;;
T_SSRaaGHJ;table des Groupes de Morbidité Dominante;ETA_NUM;Caractère;9;N° FINESS de l'établisement;;2005;2013;;;;2005;2013;
T_SSRaaGHJ;table des Groupes de Morbidité Dominante;GHJ_COD;Caractère;5;Code GMD;;2005;2013;;;;2005;2013;
T_SSRaaGHJ;table des Groupes de Morbidité Dominante;NBR_JOU;Numérique;0;Nombre de jours;;2005;2013;;;;2005;2013;
T_SSRaaGHJ;table des Groupes de Morbidité Dominante;RHA_NUM;Caractère;7;N° Séquentiel du séjour;;2005;2013;;;;2005;2013;
T_SSRaaGHJ;table des Groupes de Morbidité Dominante;RHA_VER;Caractère;3;N° version du format du RHA;;2005;2013;;;;2005;2013;
T_SSRaaGME;GME;GME;Caractère;6;GME;;2012;2013;;;;2012;;
T_SSRaaGME;GME;RET_COD;Caractère;3;code retour *;;2012;2013;;;;2012;;
T_SSRaaGME;GME;RHS_NUM;Caractère;3;N° séquentiel du RHS;;2012;2013;;;;2012;;
T_SSRaaS;synthese;DUMMY;Caractère;1024;DUMMY;;2011;2012;;;;2005;;
T_SSRaaS;synthese;NBR_CMC;Numérique;0;Nombre de CMC (nc);;2005;2013;;;;2005;;
T_SSRaaS;synthese;NBR_GHJ;Numérique;0;Nombre de GHJ (ng);;2005;2013;;;;2005;;
T_SSRaaS;synthese;NBR_UM;Numérique;0;Nombre d’unité médicale;;2005;2009;;;;2005;;
T_SSRaaMED;Med en sus;UCD_COD;Caractère;9;Code UCD;;2010;2015;;;;2010;;
T_SSRaaMEDATU;Med à autorisation temporaire d'utilisation;UCD_COD;Caractère;9;Code UCD;;2012;2015;;;;2012;;
T_SSRaaS;synthese;NBR_CMC;Numérique;0;Nombre de CMC (nc);;2005;2013;;;;2005;;
T_SSRaaS;synthese;NBR_GHJ;Numérique;0;Nombre de GHJ (ng);;2005;2013;;;;2005;;
T_SSRaaS;synthese;NBR_UM;Numérique;0;Nombre d’unité médicale;;2005;2009;;;;2005;;
T_SSRaaMED;Med en sus;UCD_COD;Caractère;9;Code UCD;;2010;2015;;;;2010;;
T_SSRaaMEDATU;Med à autorisation temporaire d'utilisation;UCD_COD;Caractère;9;Code UCD;;2012;2015;;;;2012;;
